customer_id,first_name,last_name,city,state,zipcode,email
23881,Yvonne,Cook,North Abigail,SD,26265,kathleen70@example.net
94540,Kathy,Sutton,Helenton,CO,63501,paynesonia@example.net
36399,Edward,Hughes,Davidside,ND,06240,yjohnson@example.org
81518,Jennifer,Rush,Lake Samanthamouth,DC,39208,qgonzalez@example.org
20697,James,Ford,Brandonfurt,KS,98687,anthonymaldonado@example.net
49785,John,Barnett,Lake Danahaven,NE,72744,rpeterson@example.org
21271,Holly,Andrews,Port Bobby,MP,74533,woodcandace@example.org
26716,Derrick,Mendoza,Gomezview,TX,10897,hillharry@example.com
40209,David,Todd,Mendozahaven,AL,99128,rogersmaria@example.com
98368,Joseph,Brown,East Christopherland,MI,32848,hillshane@example.org
03778,Jimmy,Reese,Port Keith,CA,24249,kylewilson@example.org
54252,Tammy,Todd,New Jerry,WA,85348,brownrebecca@example.org
02276,Rhonda,Fowler,Heatherton,WA,84979,pjohnson@example.com
57839,Jordan,Davis,Kevinbury,PW,81337,teresa73@example.net
50570,Edwin,Lamb,Lisaborough,ND,03767,joporter@example.org
08684,Krystal,Callahan,East Ryanfurt,VA,07660,jessica37@example.org
49389,Michael,Powell,Kanechester,PR,61827,ttorres@example.net
83820,Brian,Grimes,Samueltown,SD,23770,deanmolly@example.org
41136,Ashley,Brooks,Lake Billymouth,WY,28503,
76037,Angela,Hall,West Aaron,AS,15508,jjohnson@example.com
48633,Barbara,Murray,Clarktown,VT,11981,christinekaufman@example.net
68242,Jane,Garcia,West Lisaton,MS,46135,cassandrachandler@example.org
15165,Nathaniel,Hunter,East Matthew,SC,65523,heather35@example.org
21517,Kevin,Dunlap,Jessicafort,IL,88142,elizabethflores@example.com
98247,Matthew,Hernandez,South Heather,AK,06399,
81989,Michael,Bauer,Youngchester,MN,24832,
18942,Zachary,Baker,Ronaldport,IA,54496,olivermichael@example.org
22066,Ashley,Davis,Deniseland,TX,80622,salazarterri@example.org
52799,Samantha,Parker,South Thomas,SD,03986,john62@example.net
45350,Michelle,Kelly,Johnsonville,IN,42090,marymorgan@example.org
08044,Kevin,Jackson,Jacksonport,AK,58948,freemantimothy@example.org
31799,Patrick,Hernandez,Leeshire,SC,80476,jessica20@example.net
61594,Danielle,Hampton,Lake Lawrence,CT,11810,
35912,Mitchell,Hood,Faithstad,SD,74887,emma16@example.com
70021,Michael,Lawrence,Lake Ashley,IL,51822,
29268,Tanya,Evans,South Steven,ND,91874,maddenangela@example.net
34216,David,Bennett,Hallborough,TN,79876,franklindawn@example.com
95416,Katherine,Walker,Adamsmouth,KY,55713,george93@example.org
77144,Erin,Gardner,East Zachary,WI,30862,anthony65@example.com
54000,Andrew,Miller,Rhondaville,AK,31980,jeffreyroberts@example.org
99083,Jeff,Reilly,North Jason,NE,13978,cookcarolyn@example.org
71981,Ann,Best,Georgeside,FM,77510,stephanie56@example.net
80824,Kevin,Barrett,Stephenborough,PW,98680,sergio72@example.com
77856,Amy,Molina,Lake Travis,ND,94084,mrichardson@example.org
46024,Scott,Bond,East Patriciaburgh,AL,49323,fosterjesus@example.com
67020,Susan,Richards,Suttonfurt,ID,41095,ralph84@example.net
16082,Susan,Kane,Lake Samanthaburgh,OK,01801,gonzaleschristian@example.net
38960,Sabrina,Turner,South Sean,KY,36440,salvarez@example.org
62891,Tyler,Ward,Johnton,NM,99768,hunteroconnell@example.com
52386,James,Ramirez,West Lisabury,AR,03948,therrera@example.net
89949,Amanda,Schmidt,Sarahport,WY,50574,tiffanyzimmerman@example.com
63564,Adrian,Anderson,Frederickmouth,LA,80478,richardbrown@example.com
70771,Holly,Hughes,Taylorfort,NM,56927,fcurtis@example.com
90690,Melissa,Key,Nicholschester,NE,63568,bhill@example.org
71717,Joseph,Fisher,Fowlerhaven,NM,56861,berrykaren@example.net
73569,Kim,Phelps,Mckaystad,WA,33442,uprice@example.com
65916,Tracy,Mccall,Beckchester,WY,87667,chavezdavid@example.com
05007,Shane,Cohen,Amberfort,AR,62638,gaywilliam@example.org
60691,Ronnie,Coleman,North Justinhaven,PW,75389,reedrachel@example.net
87682,Eddie,Vazquez,Susanshire,MH,75276,cobbwanda@example.com
40562,Jennifer,Jones,Phillipstown,ME,08585,smarshall@example.org
33370,Laura,Thomas,Timothymouth,AL,68991,anamorales@example.com
82017,Andrew,Martin,East Henryfort,IN,02794,sherri34@example.net
55320,Jerry,Kane,Lake Karenmouth,AK,20795,smithjacqueline@example.org
34877,Samuel,Juarez,Lake Shannon,NM,64903,brownnicholas@example.net
21562,Kyle,Mcdonald,Annamouth,AR,52432,mary97@example.com
51207,Amanda,Wang,Martinhaven,OR,72719,hickmanhector@example.net
81533,Wayne,Owens,Terriside,NM,05514,duane27@example.org
14787,Richard,Mitchell,South Joseph,NE,01087,katelynwatson@example.net
51201,Megan,Baldwin,Lake Carla,OR,18169,
09558,Stephen,Herrera,West Donnaborough,OH,66846,andrewpowell@example.org
38460,Phyllis,Black,Harrisonchester,PW,62520,gmorales@example.net
11814,Joshua,Campbell,Colonberg,MD,98214,sshelton@example.org
45770,Frank,Eaton,Adamsville,FL,95302,patricktiffany@example.org
37431,David,Price,Wallermouth,KY,92040,onguyen@example.com
10027,Lance,Cole,North Jerome,MT,76776,mario56@example.com
26316,John,Anderson,West Victoria,NM,43422,stephen91@example.com
54566,Deborah,Davila,South Danielshire,MD,18260,natalieperry@example.org
21806,Christine,Harris,Martinchester,WY,96894,katrinaheath@example.net
36129,Justin,Reyes,New Tiffanyview,KS,95707,johnsonmary@example.com
12334,Erica,Le,West Rachel,GA,81960,herreradonald@example.net
17990,Marisa,Harvey,Port Karen,WY,13095,
76444,Maria,Jones,Danielleport,SC,24877,houstonnathan@example.com
02262,Matthew,Perry,Lake Rebecca,MI,47442,manuel66@example.net
43936,Alejandra,Erickson,North Mikeshire,GU,49733,greg53@example.net
42497,William,Davila,East Dylan,IA,26535,rebecca23@example.net
48537,Paul,Henson,North Timothyberg,RI,02362,pdavis@example.net
74781,Cathy,Goodman,Andrewfort,NM,58775,larrydavidson@example.net
38717,Anthony,Krueger,East Michaelstad,CT,30494,hannahhawkins@example.net
92689,David,Peters,Abigailshire,TN,17441,ellen67@example.org
21030,Kevin,Brown,West Richard,AK,50448,jonesjay@example.org
86579,Brady,Payne,Campbellmouth,ID,53220,ldelgado@example.org
81979,Jeffrey,Hill,East Michaelside,CA,19714,eramos@example.net
58641,Joel,Brown,Pattersonmouth,AR,95619,rdavis@example.net
77071,Melissa,Miller,Barbarahaven,IN,25134,popeangela@example.net
61278,Anna,Adams,Hartville,ME,43409,
18085,Shane,Russell,West Mary,ND,24588,denise33@example.com
68204,Madeline,Taylor,Jillianborough,TX,23763,patrickcastaneda@example.com
76397,Tina,Quinn,Larsonbury,TN,78708,jevans@example.org
04325,Jeffery,Lowe,Aprilshire,CA,65391,michealwright@example.org
37165,Valerie,Porter,South Chelseaport,FM,65951,mark15@example.org
62318,Jesse,Romero,Johnnyport,GA,19928,david95@example.com
89958,Laura,Simmons,Collinsmouth,CA,02307,vperez@example.net
40910,Kevin,Rodriguez,Heathtown,CO,89299,dmills@example.com
04202,Karen,Crane,New Thomaston,RI,06334,jacquelineorr@example.net
08603,Samantha,Wright,Port Nicoleside,OR,92220,oroberts@example.com
45850,Alyssa,Johnson,South Gabrielle,MN,70740,michaelburns@example.org
20836,Ronald,Mata,North Erinland,VT,01458,byrdcurtis@example.net
58359,Ryan,Guerrero,Jeffreyberg,VI,09721,
18425,Catherine,Mcdonald,East Jenniferfurt,GA,86768,
34212,Lisa,Zavala,Wellsstad,IN,81320,ytyler@example.com
59729,Heather,Hall,Kevinshire,SD,53050,spowell@example.org
97260,Michele,Haley,Lake Michael,IA,71436,
05736,Tamara,Church,New Margaret,MS,00789,
90616,Cassandra,Clark,Bishopfurt,OH,22430,
62885,Craig,Rogers,Ryanmouth,CT,16283,richmichelle@example.com
34988,Marcus,Watson,East Kristen,SD,97017,sherry82@example.com
88680,Patrick,Mann,Reyesberg,MT,47050,hartrobert@example.com
98687,Diana,Green,North Sheila,MI,53880,yobrien@example.net
42207,Cheryl,Alvarado,Robertston,MI,62417,
84085,Kathryn,Bruce,Haletown,PA,39800,brownsteven@example.org
26318,Raven,Young,Mooreland,KY,12491,mcculloughamy@example.net
79057,Christopher,Morris,Matthewtown,WI,69056,walter84@example.com
32265,Sonya,Kelley,Lake Donaldstad,MS,77106,davidmyers@example.org
41446,Lori,Espinoza,Port Susan,VI,34039,hoffmancharlotte@example.org
57535,Ian,Walker,East Johnshire,NH,78061,christopheryoder@example.com
04071,John,Williams,Westport,MD,44404,frankjohnson@example.net
35163,Christina,Parker,Jessicaberg,AK,86402,wellsmarissa@example.com
59610,Carly,Nelson,North Amy,CO,03939,cochrankevin@example.net
51137,Paula,Blevins,Clarkchester,AZ,30488,jennifer66@example.net
65737,Michelle,Morgan,Port Paulport,WI,70786,ylewis@example.net
76627,Anthony,White,Lisabury,TN,84434,qanderson@example.org
23955,Kimberly,Hudson,Martinberg,MT,20136,david71@example.org
07608,Steven,Coleman,Austinburgh,ID,26968,parsonsdavid@example.org
36926,William,Cowan,Christinaview,AZ,76064,marvinmarquez@example.net
56853,Patrick,Moore,Jasminefurt,WV,04018,
37406,Kristina,Gomez,Sullivanmouth,PW,16976,deborah77@example.com
73345,Jason,Jimenez,Mirandabury,SD,27230,jking@example.org
54390,Christopher,Silva,Lake Devin,OK,94308,saunderswalter@example.net
66143,Stephen,Owens,Port Susan,MT,30147,nancy21@example.org
10540,Robert,Kelly,Port Philiphaven,NY,14356,courtney39@example.net
13375,Kathryn,Johnson,Shepherdhaven,MO,52677,kathleenmelton@example.net
39289,Elizabeth,Gray,Byrdport,GA,01862,johngreen@example.net
37077,Joel,Bray,North Christopherport,IA,07562,jorgedennis@example.org
27728,William,Murray,Lake Adamville,ME,58561,atravis@example.org
10775,Carlos,Clay,Port Jacob,TN,24580,dawn19@example.com
26813,Michelle,Perez,Wilkinsfort,ID,34219,bradfordbryan@example.org
18625,Jack,Simmons,South Angelashire,MA,26276,ejames@example.com
14322,Mark,Peterson,Wayneside,MS,84761,michellerodgers@example.com
97235,Shane,Dougherty,Bennettport,TN,89857,dcain@example.net
23022,Denise,Thompson,South Heatherfort,CO,34670,justin53@example.org
85826,Sandra,Walker,Hillview,CT,22848,christianlopez@example.net
21873,Adam,Long,Masseyside,MS,02602,vincentrichardson@example.com
36952,Cody,Mcclain,Moorechester,NJ,21863,jeremiah50@example.com
83620,Matthew,White,Mccartytown,NC,11076,josebrown@example.net
90250,Cindy,Johnson,Kathleenmouth,NM,49776,pwright@example.org
65264,Jerome,Perkins,Lake Clinton,MH,03653,boltonsabrina@example.org
82873,Kathryn,Ochoa,Lake Jessica,MI,77858,
51873,Brandy,Davis,Cynthialand,IN,74270,
31086,Elizabeth,Braun,Kingfurt,MP,13511,hubbardleonard@example.net
00305,David,Dixon,Lake Douglas,MI,17281,reynoldsphilip@example.net
65285,James,Green,South Sonyamouth,KS,01678,cynthia97@example.org
18036,John,Hernandez,Davidshire,OR,18608,ojohnson@example.com
61590,Randy,Baker,New April,OK,03576,christopherparker@example.com
26844,Danielle,Crawford,Austinfurt,PR,73167,kevin97@example.org
89224,Robert,Evans,Branchstad,IN,32385,danielrobinson@example.com
56527,Luis,Shaw,Jamesstad,CA,70289,wayne96@example.net
42566,Isaiah,Scott,South Bradleymouth,FL,12140,hartdavid@example.net
24628,John,Miller,Avilaburgh,FM,85020,smithadam@example.com
61018,Paul,Larson,New Kaitlynshire,SC,80693,christinechavez@example.org
59045,Elizabeth,Hayes,Candiceside,VA,39895,martinezcody@example.net
20179,John,Gonzalez,Owensbury,LA,95821,mmunoz@example.net
00927,Margaret,Lynn,Jamiemouth,NM,14455,johnsoncesar@example.org
73689,Sarah,Munoz,South Erinside,VA,35262,seth34@example.com
60900,Matthew,Trujillo,Wheelerfurt,NV,04188,reesedanielle@example.com
76934,Amy,Bowers,Justinmouth,OH,78759,lhardin@example.net
00938,Dylan,Rice,Ramirezmouth,RI,91960,hartmancarrie@example.org
00884,William,Morales,Draketown,PA,45638,jacobwatkins@example.com
62593,David,Carroll,Daviston,FL,12654,gutierrezbrett@example.org
34899,Jerry,Nixon,Victoriaberg,NJ,54893,philipgarcia@example.org
57438,Jeremy,Moore,Port Deanna,NJ,24567,currydavid@example.net
52699,Robert,Ramirez,South Shannon,SD,56746,jamiegray@example.org
35385,Lonnie,Perez,Priceberg,WA,77213,josephcarroll@example.org
66255,Whitney,Garrett,Marthafurt,CO,75927,freemanjames@example.net
24582,William,James,Larsonfurt,NJ,76391,jeff25@example.net
13700,Connie,Hernandez,Angelamouth,UT,83512,
91940,Matthew,Fields,East Mercedes,VA,67936,diana65@example.org
14765,Brad,Bolton,Jerryshire,LA,23070,troyfleming@example.org
45142,James,Espinoza,Cindyfurt,IL,20945,hliu@example.net
30062,Jennifer,Peterson,South Alanchester,NJ,23640,yvettegonzalez@example.net
11412,Steven,Hammond,Marvinmouth,UT,73339,wilkersonderek@example.net
83766,Christopher,Owens,Changstad,VI,35502,
11285,Seth,Taylor,Shariton,WI,84781,hullmaxwell@example.org
43007,Donna,Moore,Elizabethbury,ID,46608,fgonzalez@example.net
89666,Victoria,Shah,Lake Christopher,LA,58955,
33085,Diana,Smith,Rachelfort,PA,01378,changarthur@example.net
26106,Ryan,Gutierrez,Johnsonfurt,AK,99330,snowjerry@example.net
36465,Christopher,Thomas,East Megan,VI,23075,mcmillanjeremy@example.net
00951,Kevin,Fernandez,Riceside,OR,28374,qhenry@example.net
14052,Hailey,Jones,North Marieport,MH,39944,justinnelson@example.net
